{
  "model_name": "RandomForest",
  "params": {
    "n_estimators": 150
  },
  "metrics": {
    "mae": 8.635000000000002,
    "mse": 104.07670000000005,
    "rmse": 10.201798860985255,
    "r2": 0.7760587412587412
  },
  "model_size_kb": 253.8447265625,
  "avg_inference_latency_ms": 34.591701999888755
}