{
  "model_name": "GradientBoosting",
  "params": {},
  "metrics": {
    "mae": 5.657431388040251,
    "mse": 47.33763702971353,
    "rmse": 6.880235245230611,
    "r2": 0.8981438686827036
  },
  "model_size_kb": 135.2578125,
  "avg_inference_latency_ms": 0.9521039999526693
}